Index,GT,ClassifierPred,TextPred,Probability
0,1,1,1,0.9981396198272705
1,0,1,1,0.9987439513206482
2,1,1,1,0.8924813270568848
3,0,0,0,3.0176448490237817e-05
4,1,1,1,0.9998860359191895
5,1,1,1,0.9999271631240845
