query_idx,rank,neighbor_idx,score,label
0,1,167,0.985299,1
0,2,522,0.984743,1
0,3,467,0.982348,1
0,4,556,0.980872,0
0,5,20,0.980734,0
10,1,468,0.981334,1
10,2,528,0.981230,1
10,3,361,0.980440,1
10,4,183,0.980337,1
10,5,406,0.980296,1
50,1,582,0.977225,1
50,2,527,0.976547,0
50,3,539,0.976010,1
50,4,618,0.975509,1
50,5,417,0.973043,1
123,1,280,0.986252,0
123,2,103,0.985410,0
123,3,135,0.984689,1
123,4,332,0.984621,0
123,5,68,0.983735,0
